{
    "openapi": "3.0.0",
    "info": {
        "title": "Anophel API Documentation",
        "version": "0.0.0"
    },
    "paths": {
        "/api": {},
        "/api/auth/sendCode": {
            "post": {
                "tags": [
                    "Auth"
                ],
                "summary": "Send OTP code",
                "description": "Sends an OTP code to the specified phone number.",
                "operationId": "e09c538c074a7b4a0f0c055ec2893f49",
                "requestBody": {
                    "required": true,
                    "content": {
                        "application/json": {
                            "schema": {
                                "required": [
                                    "phone"
                                ],
                                "properties": {
                                    "phone": {
                                        "type": "string",
                                        "example": "09123456789"
                                    }
                                },
                                "type": "object"
                            }
                        }
                    }
                },
                "responses": {
                    "200": {
                        "description": "OTP sent successfully"
                    },
                    "400": {
                        "description": "Invalid phone number or user not found"
                    }
                }
            }
        },
        "/api/auth/checkCode": {
            "post": {
                "tags": [
                    "Auth"
                ],
                "summary": "Verify OTP code",
                "description": "Verifies the OTP code sent to the specified phone number.",
                "operationId": "715451e030d64688fd5ab7c760063d85",
                "requestBody": {
                    "required": true,
                    "content": {
                        "application/json": {
                            "schema": {
                                "required": [
                                    "code",
                                    "phone"
                                ],
                                "properties": {
                                    "code": {
                                        "type": "integer",
                                        "example": "123456"
                                    },
                                    "phone": {
                                        "type": "string",
                                        "example": "09123456789"
                                    }
                                },
                                "type": "object"
                            }
                        }
                    }
                },
                "responses": {
                    "200": {
                        "description": "OTP code is valid"
                    },
                    "400": {
                        "description": "Invalid OTP code or phone number"
                    }
                }
            }
        },
        "/api/auth/checkPassword": {
            "post": {
                "tags": [
                    "Auth"
                ],
                "summary": "Verify user password",
                "description": "Verifies the user's password.",
                "operationId": "186f85d85f133015a9b296a1ee8bd839",
                "requestBody": {
                    "required": true,
                    "content": {
                        "application/json": {
                            "schema": {
                                "required": [
                                    "password",
                                    "phone"
                                ],
                                "properties": {
                                    "password": {
                                        "type": "string",
                                        "format": "password",
                                        "example": "Password123"
                                    },
                                    "phone": {
                                        "type": "string",
                                        "example": "09123456789"
                                    }
                                },
                                "type": "object"
                            }
                        }
                    }
                },
                "responses": {
                    "200": {
                        "description": "Password is valid"
                    },
                    "400": {
                        "description": "Invalid password or phone number"
                    }
                }
            }
        },
        "/api/auth/registerUser": {
            "post": {
                "tags": [
                    "Auth"
                ],
                "summary": "Register a new user",
                "description": "Registers a new user with provided information.",
                "operationId": "7d7d1fe02ff95ebb9daa7372a6326642",
                "requestBody": {
                    "required": true,
                    "content": {
                        "application/json": {
                            "schema": {
                                "required": [
                                    "first_name",
                                    "last_name",
                                    "phone",
                                    "password",
                                    "national_code",
                                    "code",
                                    "gender",
                                    "birthday"
                                ],
                                "properties": {
                                    "first_name": {
                                        "type": "string",
                                        "example": "John"
                                    },
                                    "last_name": {
                                        "type": "string",
                                        "example": "Doe"
                                    },
                                    "phone": {
                                        "type": "string",
                                        "example": "09123456789"
                                    },
                                    "password": {
                                        "type": "string",
                                        "format": "password",
                                        "example": "Password123"
                                    },
                                    "national_code": {
                                        "type": "integer",
                                        "example": "1234567890"
                                    },
                                    "code": {
                                        "type": "integer",
                                        "example": "123456"
                                    },
                                    "gender": {
                                        "type": "string",
                                        "enum": [
                                            "male",
                                            "female"
                                        ],
                                        "example": "male"
                                    },
                                    "birthday": {
                                        "type": "string",
                                        "format": "date",
                                        "example": "1990-01-01"
                                    }
                                },
                                "type": "object"
                            }
                        }
                    }
                },
                "responses": {
                    "200": {
                        "description": "User registered successfully"
                    },
                    "400": {
                        "description": "Invalid data or registration failed"
                    }
                }
            }
        },
        "/api/logout": {
            "post": {
                "tags": [
                    "Auth"
                ],
                "summary": "Logout",
                "description": "Logout the current user",
                "operationId": "fe8f3429cd6979b3b4517e186505f9f9",
                "requestBody": {
                    "description": "",
                    "required": true,
                    "content": {
                        "application/json": {
                            "schema": {
                                "properties": {
                                    "user": {
                                        "properties": {
                                            "id": {
                                                "type": "integer",
                                                "example": 1
                                            }
                                        },
                                        "type": "object"
                                    }
                                },
                                "type": "object"
                            }
                        }
                    }
                },
                "responses": {
                    "200": {
                        "description": "OK",
                        "content": {
                            "application/json": {
                                "schema": {
                                    "properties": {
                                        "message": {
                                            "type": "string",
                                            "example": "با موفقیت از حساب خود خارج شدید"
                                        }
                                    },
                                    "type": "object"
                                }
                            }
                        }
                    },
                    "401": {
                        "description": "Unauthorized"
                    }
                },
                "security": [
                    {
                        "bearer_token": []
                    }
                ]
            }
        },
        "/api/doctors": {
            "get": {
                "tags": [
                    "Doctors"
                ],
                "summary": "Get All Doctors",
                "description": "Retrieve all doctors",
                "operationId": "f2faa955668b3e6887792008f2d09661",
                "responses": {
                    "200": {
                        "description": "OK"
                    },
                    "404": {
                        "description": "Not Found"
                    }
                }
            }
        },
        "/api/doctors/{id}": {
            "get": {
                "tags": [
                    "Doctors"
                ],
                "summary": "Get Doctor by ID",
                "description": "Retrieve a doctor by its ID",
                "operationId": "800e90f10564a8eec88cd8284dac12a2",
                "parameters": [
                    {
                        "name": "id",
                        "in": "path",
                        "description": "Doctor ID",
                        "required": true,
                        "schema": {
                            "type": "string"
                        }
                    }
                ],
                "responses": {
                    "200": {
                        "description": "OK"
                    },
                    "404": {
                        "description": "Not Found"
                    }
                },
                "security": [
                    {
                        "bearer_token": []
                    }
                ]
            }
        },
        "/api/expertise": {
            "get": {
                "tags": [
                    "Expertises"
                ],
                "summary": "Get all expertises",
                "description": "Get all expertises",
                "operationId": "501ec3b8de64d332a46cdc0f882f9bad",
                "responses": {
                    "200": {
                        "description": "Successful operation"
                    }
                }
            }
        },
        "/api/expertise/{id}": {
            "get": {
                "tags": [
                    "Expertises"
                ],
                "summary": "Get Expertise by ID",
                "description": "Retrieve an expertise by its ID",
                "operationId": "4e9b69529b80ee2055f9d9f766c55e7d",
                "parameters": [
                    {
                        "name": "id",
                        "in": "path",
                        "description": "Expertise ID",
                        "required": true,
                        "schema": {
                            "type": "string"
                        }
                    }
                ],
                "responses": {
                    "200": {
                        "description": "OK"
                    },
                    "404": {
                        "description": "Not Found"
                    }
                },
                "security": [
                    {
                        "bearer_token": []
                    }
                ]
            },
            "delete": {
                "tags": [
                    "Expertises"
                ],
                "summary": "Delete Expertise by ID",
                "description": "Delete an expertise by its ID",
                "operationId": "570cb57b37a44b8a956d84f5e344eed9",
                "parameters": [
                    {
                        "name": "id",
                        "in": "path",
                        "description": "Expertise ID",
                        "required": true,
                        "schema": {
                            "type": "string"
                        }
                    }
                ],
                "responses": {
                    "200": {
                        "description": "OK"
                    },
                    "404": {
                        "description": "Not Found"
                    }
                },
                "security": [
                    {
                        "bearer_token": []
                    }
                ]
            }
        },
        "/api/expertise/search/{id}": {
            "get": {
                "tags": [
                    "Expertises"
                ],
                "summary": "Search for an expertise by ID",
                "operationId": "a7e4d8e1bfa08359e7fc1fe3bb46b917",
                "parameters": [
                    {
                        "name": "id",
                        "in": "path",
                        "description": "ID of the expertise",
                        "required": true,
                        "schema": {
                            "type": "integer"
                        }
                    }
                ],
                "responses": {
                    "200": {
                        "description": "Successful operation"
                    },
                    "404": {
                        "description": "Expertise not found"
                    }
                }
            }
        },
        "/api/search": {
            "get": {
                "tags": [
                    "Doctors"
                ],
                "summary": "Search for doctors by name",
                "operationId": "101eb212307ae86ed9c586c1eed54a69",
                "parameters": [
                    {
                        "name": "name",
                        "in": "query",
                        "description": "Doctor name",
                        "required": true,
                        "schema": {
                            "type": "string"
                        }
                    }
                ],
                "responses": {
                    "200": {
                        "description": "Successful search"
                    }
                }
            }
        },
        "/api/whoami": {
            "get": {
                "tags": [
                    "Users"
                ],
                "summary": "Get Current User",
                "description": "Retrieve the current user",
                "operationId": "5828dda88a008ed589674f7de12a7afa",
                "responses": {
                    "200": {
                        "description": "OK"
                    },
                    "401": {
                        "description": "Unauthorized"
                    }
                },
                "security": [
                    {
                        "bearer_token": []
                    }
                ]
            }
        }
    },
    "tags": [
        {
            "name": "Auth",
            "description": "Auth"
        },
        {
            "name": "Doctors",
            "description": "Doctors"
        },
        {
            "name": "Expertises",
            "description": "Expertises"
        },
        {
            "name": "Users",
            "description": "Users"
        }
    ]
}